company_name_original,company_name,potential_noise,company_number,status,parent_company,parent_company_number,website,address,label,website_1,sector,detail,sic,latitude,longitude3i PLC,3I PLC,1,397156,Active,NA,NA,http://www.3i.com,"16 Palace St, London, SW1E 5JD, UK","3i PLC, 16 Palace St, London, SW1E 5JD, UK",http://www.3i.com,Finance,International Investor,64999 - Financial intermediation not elsewhere classified,51.49835269,-0.141450668ADJUVANTIX LIMITED,Adjuvantix Limited,NA,3867435,Active,NA,NA,http://adjuvantix.co.uk/,"Sheffield Bio Incubator, 40 Leavygreave Road, Sheffield, S3 7RD","ADJUVANTIX LIMITED, Sheffield Bio Incubator, 40 Leavygreave Road, Sheffield, S3 7RD",http://adjuvantix.co.uk/,Health,Vaccine Development,72200 - Research and experimental development on social sciences and humanities,53.38178882,-1.483172929ADVANCED MICROWAVE TECHNOLOGIES LTD,Advanced Microwave Technologies Ltd,NA,SC333416,Active,NA,NA,http://www.advancedmicrowavetechnologies.com/,"Midlothian Innovation Centre, Pentlandfield, Roslin, Edinburgh EH25 9RE","ADVANCED MICROWAVE TECHNOLOGIES LTD, Midlothian Innovation Centre, Pentlandfield, Roslin, Edinburgh EH25 9RE",http://www.advancedmicrowavetechnologies.com/,Equipment,Microwaves,NA,55.86638243,-3.197408703Advanced Technologies (Cambridge) Limited,Advanced Technologies (Cambridge) Limited,NA,98062,Merged,British American Tobacco Ltd,3407696,http://www.bat.com,"British American Tobacco plc Globe House, 4 Temple Place, London WC2R2PG","Advanced Technologies (Cambridge) Limited, British American Tobacco plc Globe House, 4 Temple Place, London WC2R2PG",http://www.bat.com,Tobacco,Tobacco,82990 - Other business support service activities not elsewhere classified,51.51171148,-0.113035041Aeres Biomedical Ltd.,Aeres Biomedical Ltd,NA,3800327,Merged,Medical Research Council Technology,NA,http://www.mrctechnology.org,"7th Floor, Lynton House 7-12 Tavistock Squa, London, WC1H 9LT","Aeres Biomedical Ltd., 7th Floor, Lynton House 7-12 Tavistock Squa, London, WC1H 9LT",http://www.mrctechnology.org,Health,Medical Research,72110 - Research and experimental development on biotechnology,51.52538995,-0.128240604Airscrew Howden Limited,Airscrew Howden Limited,NA,NA,Merged,NA,NA,http://www.howden.com/en/Industries/Defence/default.htm,Old Govan Road Renfrew PA4 8XJ,"Airscrew Howden Limited, Old Govan Road Renfrew PA4 8XJ",http://www.howden.com/en/Industries/Defence/default.htm,Engineering,Engineering,NA,55.87363747,-4.371934934ANTENOVA LIMITED,Antenova Limited,NA,3835617,Active,NA,NA,http://www.antenova-m2m.com,Antennova Ltd Far Field House Albert Road Sto-cum-Quy Cambridge CB25 9AR,"ANTENOVA LIMITED, Antennova Ltd Far Field House Albert Road Sto-cum-Quy Cambridge CB25 9AR",http://www.antenova-m2m.com,Communications,Antennae,61900 - Other telecommunications activities,52.22060765,0.23647306ANTISOMA LIMITED,Antisoma Limited,NA,8707661,Active,NA,NA,http://www.sarossacapital.com,"Sarossa Capital PLC, Mitre House, 160 Aldersgate Street, London, EC1A 4DD","ANTISOMA LIMITED, Sarossa Capital PLC, Mitre House, 160 Aldersgate Street, London, EC1A 4DD",http://www.sarossacapital.com,Finance,Investment,None Supplied,51.51886238,-0.09756168Antisoma Research Limited,Antisoma Research Limited,NA,2223927,Active,NA,NA,http://www.sarossacapital.com,"Sarossa Capital PLC, Mitre House, 160 Aldersgate Street, London, EC1A 4DD","Antisoma Research Limited, Sarossa Capital PLC, Mitre House, 160 Aldersgate Street, London, EC1A 4DD",http://www.sarossacapital.com,Finance,Investment,72110 - Research and experimental development on biotechnology,51.51886238,-0.09756168B & W LOUDSPEAKERS LIMITED,B & W Loudspeakers Limited,NA,4890501,Active,NA,NA,http://www.bowers-wilkins.co.uk,"B&W Group Ltd Dale Road, Worthing, West Sussex, BN11 2BH","B & W LOUDSPEAKERS LIMITED, B&W Group Ltd Dale Road, Worthing, West Sussex, BN11 2BH",http://www.bowers-wilkins.co.uk,Music,Music Technology,74990 - Non-trading company,50.81990053,-0.344307139BIOTRACE LIMITED,Biotrace Limited,NA,2261333,Merged,3M Co,NA,http://www.3m.com,"3M United Kingdom PLC, 3M Centre, Cain Road, Bracknell RG12 8HT","BIOTRACE LIMITED, 3M United Kingdom PLC, 3M Centre, Cain Road, Bracknell RG12 8HT",http://www.3m.com,Multinational,Conglomerate,74990 - Non-trading company,51.4164537,-0.778331161BioWisdom Limited,Biowisdom Limited,NA,NA,Merged,Instem Life Science Systems,4339129,http://www.instem.com,"Diamond Way, Stone Business Park, Stone, Staffordshire, ST15 0SD","BioWisdom Limited, Diamond Way, Stone Business Park, Stone, Staffordshire, ST15 0SD",http://www.instem.com,Health,IT And Health,70100 - Activities of head offices,52.88639013,-2.140041911BLC LEATHER TECHNOLOGY CENTRE,BLC Leather Technology Centre,NA,7009052,Active,NA,NA,http://www.blcleathertech.com,"BLC Leather Technology Centre Ltd., Kings Park Road, Moulton Park, Northampton NN3 6JD","BLC LEATHER TECHNOLOGY CENTRE, BLC Leather Technology Centre Ltd., Kings Park Road, Moulton Park, Northampton NN3 6JD",http://www.blcleathertech.com,Textiles,Leather,"71200 - Technical testing and analysis; 74909 - Other professional, scientific and technical activities not elsewhere classified",52.27343149,-0.877687913BLENHEIM INVESTMENTS LIMITED,Blenheim Investments Limited,NA,5003666,Active,NA,NA,http://www.blenheim-investments.co.uk,"9, Church Road, Wicken, Ely, Cambs CB7 5XT","BLENHEIM INVESTMENTS LIMITED, 9, Church Road, Wicken, Ely, Cambs CB7 5XT",http://www.blenheim-investments.co.uk,Finance,Financial Advisors,99999 - Dormant Company,52.31091264,0.308054175British American Tobacco (Investments) Limited,British American Tobacco (Investments) Limited,NA,74974,Active,NA,NA,http://www.bat.com,"British American TobaccoPLC Globe House, 4, Temple Place, London, WC2R 2PG","British American Tobacco (Investments) Limited, British American TobaccoPLC Globe House, 4, Temple Place, London, WC2R 2PG",http://www.bat.com,Tobacco,Tobacco,70100 - Activities of head offices,51.51171148,-0.113035041C Tech Innovation Limited,C Tech Innovation Limited,NA,4050834,Active,NA,NA,http://www.ctechinnovation.com/#sthash.3GGCV0xb.dpbs,"C-Tech Innocation Limioted, Capenhurst Technology Park, Capenhurst, Chester, Cheshire, CH1 6EH","C Tech Innovation Limited, C-Tech Innocation Limioted, Capenhurst Technology Park, Capenhurst, Chester, Cheshire, CH1 6EH",http://www.ctechinnovation.com/#sthash.3GGCV0xb.dpbs,Equipment,Radio Equipment,72190 - Other research and experimental development on natural sciences and engineering,53.26048089,-2.947403616Castex Products Limited,Castex Products Limited,NA,1684913,Active,NA,NA,http://castexproducts.co.uk,"Castex Products Ltd., Woodside Street, New Mills, High Peak, Derbyshire, SK22 3HF","Castex Products Limited, Castex Products Ltd., Woodside Street, New Mills, High Peak, Derbyshire, SK22 3HF",http://castexproducts.co.uk,Veterinary,Veterinary,21100 - Manufacture of basic pharmaceutical products; 22290 - Manufacture of other plastic products; 24530 - Casting of light metals; 25730 - Manufacture of tools,53.36139654,-2.003687206CELESSENCE INTERNATIONAL LTD,Celessence International Ltd,NA,6453686,Active,NA,NA,http://www.celessence.com,"Celessence Technologies Limited, Unit 3, Arden Business Park, Medway City Estate, Rochester, ME2 4LY","CELESSENCE INTERNATIONAL LTD, Celessence Technologies Limited, Unit 3, Arden Business Park, Medway City Estate, Rochester, ME2 4LY",http://www.celessence.com,Textiles,Fresheners,32990 - Other manufacturing not elsewhere classified,51.39816049,0.513401851CELLUCOMP LIMITED,Cellucomp Limited,NA,SC271566,Active,NA,NA,http://www.cellucomp.com,"CelluComp Ltd., Unit 3, West Dock, Harbour Place, Burntisland, Fife, KY39DW","CELLUCOMP LIMITED, CelluComp Ltd., Unit 3, West Dock, Harbour Place, Burntisland, Fife, KY39DW",http://www.cellucomp.com,Nanotechnology,Coatings,82990 - Other business support service activities not elsewhere classified,56.05676005,-3.236334984Centurion Europe Ltd,Centurion Europe Ltd,NA,1829619,Active,NA,NA,http://www.centurioneurope.co.uk,"Centurion Europe Ltd Hunt Lane, Doncaster, South Yorkshire, DN15 9SH","Centurion Europe Ltd, Centurion Europe Ltd Hunt Lane, Doncaster, South Yorkshire, DN15 9SH",http://www.centurioneurope.co.uk,Equipment,Tools,"46740 - Wholesale of hardware, plumbing and heating equipment and supplies; 82200 - Activities of call centres",53.65220086,-0.600440472Ceretech Limited,Ceretech Limited,NA,5610439,Active,NA,NA,http://www.ceretech.co.uk,"Borlase Farm, Rosenannon, St Wenn, Bodmin, Cornwall, PL30 5PW","Ceretech Limited, Borlase Farm, Rosenannon, St Wenn, Bodmin, Cornwall, PL30 5PW",http://www.ceretech.co.uk,Information Technology,Data Management,62012 - Business and domestic software development,50.45923035,-4.898234745Chiros Ltd.,Chiros Ltd,NA,4409234,Active,NA,NA,NO WEB PRESENCE,"3 Church Close, Andover, Hampshire, SP10 1DP","Chiros Ltd., 3 Church Close, Andover, Hampshire, SP10 1DP",NO WEB PRESENCE,Health,Health Clinic,86220 - Specialists medical practice activities,51.2100128,-1.477375843CPI INNOVATION SERVICES LIMITED,CPI Innovation Services Limited,NA,5735040,Active,NA,NA,http://www.uk-cpi.com,"CPI Head Office, Wilton Centre, Wilton, Redcar, TS10 4RF","CPI INNOVATION SERVICES LIMITED, CPI Head Office, Wilton Centre, Wilton, Redcar, TS10 4RF",http://www.uk-cpi.com,Biotechnology,Technology Conglomerate,70229 - Management consultancy activities other than financial management; 72110 - Research and experimental development on biotechnology; 72190 - Other research and experimental development on natural sciences and engineering,54.57558232,-1.102778547D-Gen Limited,D-Gen Limited,NA,3670478,Active,NA,NA,http://www.d-gen.co.uk,"9th Floor Hyde House, The Hyde, London, NW9 6LQ","D-Gen Limited, 9th Floor Hyde House, The Hyde, London, NW9 6LQ",http://www.d-gen.co.uk,Health,Medical Research,72110 - Research and experimental development on biotechnology,51.58473765,-0.248063508Diatech Limited,Diatech Limited,NA,8661998,Active,NA,NA,http://www.diatechltd.com,"58B Olorunlogbon Street, Anthony Village, Lagos, Nigeria","Diatech Limited, 58B Olorunlogbon Street, Anthony Village, Lagos, Nigeria",http://www.diatechltd.com,Holding Company,Nigerian Holding 4 Subsidiary,None Supplied,NA,NAElement Six Limited,Element Six Limited,NA,2946905,Active,NA,NA,http://www.e6.com/wps/wcm/connect/E6_Content_EN/Home,"Element Six Ltd., Global Innovation Centre,Fermi Avenue, Harwell Oxford, Didcot, Oxfordshire. OX11 OQR","Element Six Limited, Element Six Ltd., Global Innovation Centre,Fermi Avenue, Harwell Oxford, Didcot, Oxfordshire. OX11 OQR",http://www.e6.com/wps/wcm/connect/E6_Content_EN/Home,Materials,New Materials,32990 - Other manufacturing not elsewhere classified,NA,NAELSDALE LIMITED,Elsdale Limited,NA,7629093,Merged,Verfides (Cyprus) Ltd,962596,http://www.verfides.net,"5th Floor, 86 Jermyn Street, St James, London SW1Y 6AW","ELSDALE LIMITED, 5th Floor, 86 Jermyn Street, St James, London SW1Y 6AW",http://www.verfides.net,Finance,Financial Management,82990 - Other business support service activities not elsewhere classified,51.50798304,-0.137441798FERRANTI-THOMSON SONAR SYSTEMS U.K. LIMITED,Ferranti-Thomson Sonar Systems U.K. Limited,NA,NA,Merged,THALES,868273,https://www.thalesgroup.com/en/homepage/united-kingdom,"Thales UK Ltd, 2 Dashwood Lang Road, The Bourne Business Park, Addlestone Weybridge, Surrey, KT15 2NX","FERRANTI-THOMSON SONAR SYSTEMS U.K. LIMITED, Thales UK Ltd,Ì__2 Dashwood Lang Road, The Bourne Business Park, Addlestone Weybridge, Surrey, KT15 2NX",https://www.thalesgroup.com/en/homepage/united-kingdom,Electronics,Conglomerate,"26110 - Manufacture of electronic components; 26309 - Manufacture of communication equipment other than telegraph, and telephone apparatus and equipment; 84220 - Defence activities",51.37300396,-0.479386376Forensic Science Service Ltd,Forensic Science Service Ltd,NA,4848410,Merged,FORENSIC ARCHIVE LTD,5607780,http://www.forensicarchive.com,"5 St Philips Place, Colmore Row, Birmingham, B3 2PW, UK","Forensic Science Service Ltd, 5 St Philips Place, Colmore Row, Birmingham, B3 2PW, UK",http://www.forensicarchive.com,Government,Government Body,74990 - Non-trading company,52.48183205,-1.897810888Gallaher Limited,Gallaher Limited,NA,1501573,Merged,Japan Tobacco Inc,NA,http://www.jti.com/our-company/where-we-operate/europe/united-kingdom/english/overview/,"Members Hill, Weybridge, Surrey KT13 0QU","Gallaher Limited, Members Hill, Weybridge, Surrey KT13 0QU",http://www.jti.com/our-company/where-we-operate/europe/united-kingdom/english/overview/,Tobacco,Tobacco Products,12000 - Manufacture of tobacco products,51.35420185,-0.460865039H SCIENTIFIC LTD.,H Scientific Ltd,NA,3326051,Active,NA,NA,http://www.h-scientific.co.uk,"14 Somerset House, Hussar Court, Brambles Business Park, Waterlooville, HANTS, PO7 7SG","H SCIENTIFIC LTD., 14 Somerset House, Hussar Court, Brambles Business Park, Waterlooville, HANTS, PO7 7SG",http://www.h-scientific.co.uk,Equipment,Navigation Technology,72190 - Other research and experimental development on natural sciences and engineering,50.88674046,-1.042863185Imperial College Innovations Ltd.,Imperial College Innovations Ltd,NA,NA,Merged,Imperial Innovations Ltd,2060639,http://www.imperialinnovations.co.uk,"Imperial Innovations Head Office, 52 Princes Gate, Exhibition Road, London SW7 2PG","Imperial College Innovations Ltd., Imperial Innovations Head Office, 52 Princes Gate, Exhibition Road, London SW7 2PG",http://www.imperialinnovations.co.uk,Academic,Technology Transfer,"74909 - Other professional, scientific and technical activities not elsewhere classified",51.49921032,-0.173717562Imperial Exploitation Limited,Imperial Exploitation Limited,NA,NA,Merged,Imperial Innovations Ltd,2060639,http://www.imperialinnovations.co.uk,"Imperial Innovations Head Office, 52 Princes Gate, Exhibition Road, London SW7 2PG","Imperial Exploitation Limited, Imperial Innovations Head Office, 52 Princes Gate, Exhibition Road, London SW7 2PG",http://www.imperialinnovations.co.uk,Academic,Technology Transfer,"74909 - Other professional, scientific and technical activities not elsewhere classified",51.49921032,-0.173717562Ingenia Holdings (U.K.) Limited,Ingenia Holdings (U.K.) Limited,NA,5521963,Active,Ingenia Technology Limited,NA,http://www.ingeniatechnology.com,"4-6 Throgmorton Avenue, London EC2N 2DL","Ingenia Holdings (U.K.) Limited, 4-6 Throgmorton Avenue, London EC2N 2DL",http://www.ingeniatechnology.com,Equipment,Anti-Counterfeiting/Validation,82990 - Other business support service activities not elsewhere classified,51.51624617,-0.0865438INNOVATIVE TECHNOLOGIES LIMITED,Innovative Technologies Limited,NA,1954947,Active,NA,NA,http://www.innovative-technology.co.uk,"Innovative Business Park, Derker Street, OldhamOL1 4EQ","INNOVATIVE TECHNOLOGIES LIMITED, Innovative Business Park, Derker Street, OldhamOL1 4EQ",http://www.innovative-technology.co.uk,Equipment,Anti-Counterfeiting/Validation,72190 - Other research and experimental development on natural sciences and engineering,53.5480711,-2.090062116INTELLIGENT FABRIC TECHNOLOGIES PLC,Intelligent Fabric Technologies PLC,NA,4169545,Active,NA,NA,http://www.ift-plc.co.uk,"The Melon Ground, Hatfield Park, Hatfield, Hertfordshire AL9 5NB","INTELLIGENT FABRIC TECHNOLOGIES PLC, The Melon Ground, Hatfield Park, Hatfield, Hertfordshire AL9 5NB",http://www.ift-plc.co.uk,Detergent,Technology  (Fabric Softener),13910 - Manufacture of knitted and crocheted fabrics,51.76281124,-0.211167293International Coatings Limited,International Coatings Limited,NA,2309255,Merged,International Paint Ltd Parent Akzo Nobel,63604,http://www.international-pc.com/default.aspx,"International Coatings Limited, Stoneygate Lane, Felling, Gateshead NE10 0JY","International Coatings Limited, Stoneygate Lane, Felling, Gateshead NE10 0JY",http://www.international-pc.com/default.aspx,CLARIFY,Technology,74990 - Non-trading company,NA,NAIQ (Bio) Limited,IQ (Bio) Limited,NA,1533608,Merged,Thermo Fisher Scientific Inc,7112358,http://www.fisher.co.uk,"Fisher Fisher Scientific UK Ltd, Bishop Meadow Road, Loughborough, LE11 5RG","IQ (Bio) Limited, Fisher Scientific UK Ltd, Bishop Meadow Road, Loughborough, LE11 5RG",http://www.fisher.co.uk,CLARIFY,Technology  (Scientific),74990 - Non-trading company,52.78477413,-1.223844523Isis Innovation Ltd,Isis Innovation Ltd,NA,2199542,Active,NA,NA,http://www.isis-innovation.com/index.html,"Isis Innovation Ltd, Ewert House, Ewert Place, Summertown, Oxford OX2 7SG UK","Isis Innovation Ltd, Isis Innovation Ltd, Ewert House, Ewert Place, Summertown, Oxford OX2 7SG UK",http://www.isis-innovation.com/index.html,CLARIFY,Technology Transfer,82990 - Other business support service activities not elsewhere classified,51.77678679,-1.262545125Lister Institute of Preventive Medicine,Lister Institute Of Preventive Medicine,NA,34479,Active,NA,NA,http://www.lister-institute.org.uk,"The Administrator, PO Box 1083, Bushey, HERTS, WD23 9AG, UK","Lister Institute of Preventive Medicine, The Administrator, PO Box 1083, Bushey, HERTS, WD23 9AG, UK",http://www.lister-institute.org.uk,Health,Medicine,72190 - Other research and experimental development on natural sciences and engineering; 86900 - Other human health activities,NA,NALOXBRIDGE RESEARCH LLP,Loxbridge Research Llp,NA,OC340952,Active,NA,NA,http://www.loxbridgeresearch.com,"Royal Institution of Great Britain, 21 Albermarle Street, London, W1S 4BS","LOXBRIDGE RESEARCH LLP, Royal Institution of Great Britain, 21 Albermarle Street, London, W1S 4BS",http://www.loxbridgeresearch.com,Finance,Investors,NA,51.50994394,-0.142578605Medical Research Council,Medical Research Council,NA,RC000346,Active,NA,NA,http://www.mrc.ac.uk/index.htm,"14th Floor, One Kemble Street, London, WC2 4AN, UK","Medical Research Council, 14th Floor, One Kemble Street, London, WC2 4AN, UK",http://www.mrc.ac.uk/index.htm,CLARIFY,Medical Research,NA,NA,NAMETAL BOX PLC,Metal Box PLC,NA,NA,Merged,Honeywell,320495,http://www.honeywelluk.com,"Honeywell, Honeywell House, Skimped Hill Lane, Bracknell, Berkshire RG12 1EB","METAL BOX PLC, Honeywell, Honeywell House, Skimped Hill Lane, Bracknell, Berkshire RG12 1EB",http://www.honeywelluk.com,Equipment,Heating Equipment,64209 - Activities of other holding companies not elsewhere classified,51.41660408,-0.75586456MICROMASS LIMITED,Micromass Limited,NA,3139987,Merged,Waters Ltd,2912366,http://www.waters.com/waters/home.htm?lset=1&locale=en_GB,"730-740 Centennial Court, Centennial Park, Elstree, Hertfordshire, WD6 3SZ","MICROMASS LIMITED, 730-740 Centennial Court, Centennial Park, Elstree, Hertfordshire, WD6 3SZ",http://www.waters.com/waters/home.htm?lset=1&locale=en_GB,CLARIFY,Water Analysis,70100 - Activities of head offices,51.6388879,-0.306833182MICROMASS UK LIMITED,Micromass UK Limited,NA,3162904,Merged,Waters Ltd,2912366,http://www.waters.com/waters/home.htm?lset=1&locale=en_GB,"730-740 Centennial Court, Centennial Park, Elstree, Hertfordshire, WD6 3SZ","MICROMASS UK LIMITED, 730-740 Centennial Court, Centennial Park, Elstree, Hertfordshire, WD6 3SZ",http://www.waters.com/waters/home.htm?lset=1&locale=en_GB,CLARIFY,Water Analysis,"26511 - Manufacture of electronic measuring, testing etc. equipment, not for industrial process control",51.6388879,-0.306833182Microscience Ltd.,Microscience Ltd,NA,4827649,Active,NA,NA,http://www.micro-science.co.uk,"1556 Menom Road, Whinfield Drive, Newton Aycliffe, Co Durham, DL5 6AU, UK","Microscience Ltd., 1556 Menom Road, Whinfield Drive, Newton Aycliffe, Co Durham, DL5 6AU, UK",http://www.micro-science.co.uk,CLARIFY,Natural Sciences R&D,72190 - Other research and experimental development on natural sciences and engineering,54.59905789,-1.573199502MS THERAPEUTICS LIMITED,MS Therapeutics Limited,NA,6340202,Active,NA,NA,http://ms-therapeutics.com,"BEECHEY HOUSE, 87 CHURCH STREET, CROWTHORNE, BERKSHIRE, RG45 7AW","MS THERAPEUTICS LIMITED, BEECHEY HOUSE, 87 CHURCH STREET, CROWTHORNE, BERKSHIRE, RG45 7AW",http://ms-therapeutics.com,Health,Multiple Sclerosis Research,82990 - Other business support service activities not elsewhere classified,51.36720035,-0.795343193MWD Productions Ltd,MWD Productions Ltd,NA,4344881,Active,NA,NA,NO WEB PRESENCE,"The Old School House, Rhewl, RUTHIN, LL15 2TU, Clwyd, GB","MWD Productions Ltd, The Old School House, Rhewl, RUTHIN, LL15 2TU, Clwyd, GB",NO WEB PRESENCE,CLARIFY,Science Research,"74909 - Other professional, scientific and technical activities not elsewhere classified",53.13399677,-3.333642587NATIONAL INSTITUTE FOR BIOLOGICAL STANDARDS AND CONTROL BOARD,National Institute For Biological Standards And Control Board,NA,NA,Non-Commercial,NA,NA,http://www.nibsc.org,"National Institute for Biological Standards and Control, Blanche Lane, South Mimms, Potters Bar, Hertfordshire EN6 3QG","NATIONAL INSTITUTE FOR BIOLOGICAL STANDARDS AND CONTROL BOARD, National Institute for Biological Standards and Control, Blanche Lane, South Mimms, Potters Bar, Hertfordshire EN6 3QG",http://www.nibsc.org,Health,Medical Standards Authority,NA,51.68842203,-0.240518919NDS Group Ltd.,NDS Group Ltd,NA,1950497,Active,CISCO SYSTEMS INC (USA),NA,http://www.cisco.com/cisco/web/UK/index.html,"UK Headquarters Cisco Systems, 9-11 New Square, Bedfont Lakes, Feltham, Middlesex, TW14 8HA","NDS Group Ltd., UK Headquarters Cisco Systems, 9-11 New Square, Bedfont Lakes, Feltham, Middlesex, TW14 8HA",http://www.cisco.com/cisco/web/UK/index.html,Information Technology,Technology,62090 - Other information technology service activities; 64209 - Activities of other holding companies not elsewhere classified,51.44702784,-0.446406307NEW HOLLAND U.K. LIMITED,New Holland U.K. Limited,NA,NA,Merged,CNH U.K. LIMITED,2063585,http://cnhind.com/en-US/Pages/HomePage.aspx,"CNH Industrial N.V. Corporate Office: Cranes Farm Road, Basildon, Essex, SS14 3AD","NEW HOLLAND U.K. LIMITED, CNH Industrial N.V. Corporate Office: Cranes Farm Road, Basildon, Essex, SS14 3AD",http://cnhind.com/en-US/Pages/HomePage.aspx,Agriculture,Construction/Agriculture Etc,28301 - Manufacture of agricultural tractors; 46900 - Non-specialised wholesale trade,51.58655338,0.471975427NORTHERN HEALTH AND SOCIAL CARE TRUST,Northern Health And Social Care Trust,NA,NA,Non-Commercial,NA,NA,http://www.northerntrust.hscni.net,"Northern Health and Social Care Trust Headquarters, The Cottage, Greenmount Avenue, Ballymena, County Antrim, BT43 6DA","NORTHERN HEALTH AND SOCIAL CARE TRUST, Northern Health and Social Care Trust Headquarters, The Cottage, Greenmount Avenue, Ballymena, County Antrim, BT43 6DA",http://www.northerntrust.hscni.net,Health,Health,NA,NA,NAOHM LIMITED,Ohm Limited,NA,4579067,Active,EMGS (Norway),NA,http://www.emgs.com,"NOROSE COMP SECRETARIAL SERVICE LTD, 3 MORE LONDON RIVERSIDE, LONDON, SE1 2AQ","OHM LIMITED, NOROSE COMP SECRETARIAL SERVICE LTD, 3 MORE LONDON RIVERSIDE, LONDON, SE1 2AQ",http://www.emgs.com,CLARIFY,Technology (Marine),09100 - Support activities for petroleum and natural gas extraction,51.50417491,-0.079744017Oxford Applied Research Limited,Oxford Applied Research Limited,NA,1389010,Active,NA,NA,http://www.oaresearch.co.uk,"Nanotech House, Nursery Road, North Leigh Business Park Witney, Oxfordshire OX29 6SN","Oxford Applied Research Limited, Nanotech House, Nursery Road, North Leigh Business Park Witney, Oxfordshire OX29 6SN",http://www.oaresearch.co.uk,CLARIFY,Technology,32990 - Other manufacturing not elsewhere classified,51.81499762,-1.430604502PEARSON LLOYD DESIGN LIMITED,Pearson Lloyd Design Limited,NA,4579758,Active,NA,NA,http://pearsonlloyd.com,"117 Drysdale Street, London N1 6ND","PEARSON LLOYD DESIGN LIMITED, 117 Drysdale Street, London N1 6ND",http://pearsonlloyd.com,CLARIFY,Design,82990 - Other business support service activities not elsewhere classified,51.52781427,-0.079614542PILGRIM SYSTEMS LTD.,Pilgrim Systems Ltd,NA,SC066475,Active,Parent: Thomson Reuters Corp,NA,http://thomsonreuters.com,"30 South Colonnade-Canary Wharf, London","PILGRIM SYSTEMS LTD., 30 South Colonnade-Canary Wharf, London",http://thomsonreuters.com,CLARIFY,Various,NA,NA,NAPITTARDS PLC,Pittards PLC,NA,102384,Active,NA,NA,http://www.pittards.com,"Sherborne Road, Yeovil, Somerset, BA21 5BA","PITTARDS PLC, Sherborne Road, Yeovil, Somerset, BA21 5BA",http://www.pittards.com,CLARIFY,Manufacturing (Leather Products),"15110 - Tanning and dressing of leather; dressing and dyeing of fur; 15120 - Manufacture of luggage, handbags and the like, saddlery and harness",50.94374824,-2.612094193PLYMOUTH MARINE APPLICATIONS LIMITED,Plymouth Marine Applications Limited,NA,4232750,Merged,PML Applications Ltd Parent: Plymouth Marine Laboratory,4178503,http://www.pml-applications.co.uk/about/plymouth_marine_laboratory.aspx,PML Applications Ltd Prospect Place Plymouth United Kingdom PL1 3DH,"PLYMOUTH MARINE APPLICATIONS LIMITED, PML Applications Ltd, Prospect Place, Plymouth, United Kingdom, PL1 3DH",http://www.pml-applications.co.uk/about/plymouth_marine_laboratory.aspx,CLARIFY,Technology (Marine),74901 - Environmental consulting activities,50.3661562,-4.147828667Porvair Limited,Porvair Limited,NA,NA,Active,Main company is Eire IE318040 but a number of subsidiaries in UK,NA,http://www.porvair.com/porvair/pages/home,"Regis Place, Bergen Way, Kings Lynn, Norfolk, PE30 2JN","Porvair Limited, Regis Place, Bergen Way, Kings Lynn, Norfolk, PE30 2JN",http://www.porvair.com/porvair/pages/home,CLARIFY,Technology (Environment),NA,52.77101133,0.418190717PRECISION PROCESSES (TEXTILES) LIMITED,Precision Processes (Textiles) Limited,NA,509034,Merged,Coats Shelfco Precision Limited Parent: Guiness Peat Group PLC,103548,http://www.gpgplc.com,"Guinness Peat Group plc - UNITED KINGDOM, 78 Pall Mall, London SW1Y 5ES","PRECISION PROCESSES (TEXTILES) LIMITED, Guinness Peat Group plc - UNITED KINGDOM, 78 Pall Mall, London SW1Y 5ES",http://www.gpgplc.com,CLARIFY,Technology,99999 - Dormant Company,51.5057029,-0.135992945Principal Design (UK) Limited,Principal Design (UK) Limited,NA,4870243,Active,NA,NA,http://www.principaldesign.co.uk,"The Apex 2 Sheriffs Orchard, Coventry, CV1 3PP","Principal Design (UK) Limited, The Apex 2 Sheriffs Orchard, Coventry, CV1 3PP",http://www.principaldesign.co.uk,CLARIFY,Design,63990 - Other information service activities not elsewhere classified,52.4049265,-1.515207692Procter & Gamble Limited,Procter & Gamble Limited,NA,83758,Active,Parent: Proctor & Gamble Co,2262,http://www.pg.com/en_UK/,"Weybridge (Brooklands) Head Office, Procter & Gamble UK, The Heights, Brooklands, Weybridge, Surrey KT13 0XP","Procter & Gamble Limited, Weybridge (Brooklands) Head Office, Procter & Gamble UK, The Heights, Brooklands, Weybridge, Surrey KT13 0XP",http://www.pg.com/en_UK/,CLARIFY,Various,74990 - Non-trading company,51.35199452,-0.461915537PROPRESS EQUINE LIMITED,Propress Equine Limited,NA,6607461,Active,NA,NA,http://www.propressequine.com,"Unit 1 The Long Yard, Ermin Street, Shefford Woodlands, Hungerford, Berkshire, RG17 7EH","PROPRESS EQUINE LIMITED, Unit 1 The Long Yard, Ermin Street, Shefford Woodlands, Hungerford, Berkshire, RG17 7EH",http://www.propressequine.com,CLARIFY,Manufacturing (Hay Steamer),96090 - Other service activities not elsewhere classified,51.4557158,-1.454110402PROTEUS HOUSE GB,Proteus House GB,NA,4052376,Merged,Proteus Research Ltd,NA,http://www.proteusresearch.eu/#,Lafone,"PROTEUS HOUSE GB,",http://www.proteusresearch.eu/#,CLARIFY,NA,73200 - Market research and public opinion polling,NA,NAPROVIDENCE CAPITAL MANAGEMENT LIMITED,Providence Capital Management Limited,NA,5851083,Active,NA,NA,NO WEB PRESENCE,"15 Station Avenue, Warwick, CV34 5HJ","PROVIDENCE CAPITAL MANAGEMENT LIMITED, 15 Station Avenue, Warwick, CV34 5HJ",NO WEB PRESENCE,Finance,Finance,68209 - Other letting and operating of own or leased real estate,52.28711842,-1.57853583Prutec Limited,Prutec Limited,NA,1508295,Active,Parent: Prudential Public Limited Company,1397169,http://www.prudential.co.uk,"Laurence Pountney Hill, London EC4R 0HH","Prutec Limited, Laurence Pountney Hill, London EC4R 0HH",http://www.prudential.co.uk,Finance,Financial,64999 - Financial intermediation not elsewhere classified,51.51033972,-0.088852097PURIFICATION PRODUCTS LIMITED,Purification Products Limited,NA,2476877,Active,NA,NA,http://www.purification.co.uk,"23 Park Road, Menston, Ilkley, West Yorkshire, LS29 6LS","PURIFICATION PRODUCTS LIMITED, 23 Park Road, Menston, Ilkley, West Yorkshire, LS29 6LS",http://www.purification.co.uk,CLARIFY,NA,32990 - Other manufacturing not elsewhere classified,53.89186065,-1.739956079QIAGEN Manchester Limited,Qiagen Manchester Limited,NA,4160032,Active,Parent: QIAGEN NV,26434,http://www.qiagen.com,"Skelton House , Lloyd Street North, Manchester M15 6SH","QIAGEN Manchester Limited, Skelton House , Lloyd Street North, Manchester M15 6SH",http://www.qiagen.com,CLARIFY,Technology (Laboratories),21100 - Manufacture of basic pharmaceutical products; 72110 - Research and experimental development on biotechnology; 86900 - Other human health activities,53.4612589,-2.23625961Rapid Biosensor Systems Limited,Rapid Biosensor Systems Limited,NA,4458301,Active,NA,NA,http://www.rapidbiosensor.com,"Rapid Biosensor Systems Ltd, Babraham Hall, Babraham, Cambridge CB22 3AT","Rapid Biosensor Systems Limited, Rapid Biosensor Systems Ltd, Babraham Hall, Babraham, Cambridge CB22 3AT",http://www.rapidbiosensor.com,CLARIFY,Technology (Breathalysers),72190 - Other research and experimental development on natural sciences and engineering,52.13250774,0.205668089Recyclatech Group Limited,Recyclatech Group Limited,NA,SC319581,Active,NA,NA,http://www.recyclatech.com,"2 Clathymore Drive, Clathymore, Perth, PH1 1NW","Recyclatech Group Limited, 2 Clathymore Drive, Clathymore, Perth, PH1 1NW",http://www.recyclatech.com,CLARIFY,Recycling (Tyres),NA,56.37299061,-3.603600474Regent Medical Limited,Regent Medical Limited,NA,5104407,Active,Parent: INVESTOR AB,22706,http://www.investorab.com,"Arenson Centre, Arenson Way, Dunstable, Bedfordshire, LU5 5UL","Regent Medical Limited, Arenson Centre, Arenson Way, Dunstable, Bedfordshire, LU5 5UL",http://www.investorab.com,CLARIFY,Investment/ Pharma,86900 - Other human health activities,51.89616104,-0.518442249Renishaw PLC,Renishaw PLC,NA,1106260,Active,NA,NA,https://www.renishaw.com,"New Mills, Wotton-under-Edge, Gloucestershire GL12 8JR","Renishaw PLC, New Mills, Wotton-under-Edge, Gloucestershire GL12 8JR",https://www.renishaw.com,CLARIFY,Technology (Medical),"26511 - Manufacture of electronic measuring, testing etc. equipment, not for industrial process control",51.63492754,-2.380651288Renovo Limited,Renovo Limited,NA,3622770,Active,Renovo Group PLC,5427608,http://www.renovo.com,"Manchester Incubator Building, 48 Grafton Street, Manchester, M13 9XX","Renovo Limited, Manchester Incubator Building, 48 Grafton Street, Manchester, M13 9XX",http://www.renovo.com,Finance,Financial,72110 - Research and experimental development on biotechnology,53.4643726,-2.229769904Richardson Vicks Ltd.,Richardson Vicks Ltd,NA,NA,Merged,Proctor and Gamble,uncertain,http://www.pg.com,"The Heights, Brooklands, Weybridge, Surrey KT13 0XP","Richardson Vicks Ltd., The Heights, Brooklands, Weybridge, Surrey KT13 0XP",http://www.pg.com,CLARIFY,Conglomerate,NA,51.35199452,-0.461915537RIZLA LIMITED,Rizla Limited,NA,341329,Active,Parent: Imperial Tobacco Holdings PLC,3236483,http://www.rizla.co.uk,"121 Winterstoke Road, Bristol, Bs3 2ll, BS3 2LL","RIZLA LIMITED, 121 Winterstoke Road, Bristol, Bs3 2ll, BS3 2LL",http://www.rizla.co.uk,Tobacco,Tobacco,74990 - Non-trading company,51.43522635,-2.620757423Salt Union Limited,Salt Union Limited,NA,2654529,Active,NA,NA,http://www.saltunion.com/,"_Astbury House, Bradford Road, Winsford, Cheshire, CW7 2PA","Salt Union Limited, Astbury House, Bradford Road, Winsford, Cheshire, CW7 2PA",http://www.saltunion.com/,CLARIFY,Minerals,08930 - Extraction of salt,53.19658587,-2.521822392SANMET LIMITED,Sanmet Limited,NA,1588219,Active,NA,NA,http://www.sanmet-ltd.hostingbt.com,"110 Sunderland Street, Tickhill, Doncaster, South Yorkshire DN11 9ER","SANMET LIMITED, 110 Sunderland Street, Tickhill, Doncaster, South Yorkshire DN11 9ER",http://www.sanmet-ltd.hostingbt.com,CLARIFY,Surface Engineering,42110 - Construction of roads and motorways,53.43285571,-1.096402796SCENT TECHNOLOGIES LIMITED,Scent Technologies Limited,NA,4458173,Active,NA,NA,http://www.scenttechnologies.com,"Griffin Court, 201 Chapel Street, Manchester, Lancashire, M3 5EQ","SCENT TECHNOLOGIES LIMITED, Griffin Court, 201 Chapel Street, Manchester, Lancashire, M3 5EQ",http://www.scenttechnologies.com,CLARIFY,Antibacterial Agents,28990 - Manufacture of other special-purpose machinery not elsewhere classified,53.48326718,-2.255881584Scholl PLC,Scholl PLC,NA,1914860,Merged,Became Seton Scholl PLC Parent: Reckitt Benckiser,6270876,http://www.scholl.co.uk,"103-105 Bath Road,  Slough,  Berkshire,  SL1 3UH","Scholl PLC, 103-105 Bath Road,  Slough,  Berkshire,  SL1 3UH",http://www.scholl.co.uk,CLARIFY,Shoe Manufacturer,64209 - Activities of other holding companies not elsewhere classified,51.51179654,-0.610362288Sentec Ltd.,Sentec Ltd,NA,3452194,Active,NA,NA,http://www.sentec.co.uk,"5 The Westbrook Centre, Milton Road, Cambridge, CB4 1YG, UK","Sentec Ltd., 5 The Westbrook Centre, Milton Road, Cambridge, CB4 1YG, UK",http://www.sentec.co.uk,CLARIFY,Metering Technology.,"27120 - Manufacture of electricity distribution and control apparatus; 71122 - Engineering related scientific and technical consulting activities; 72190 - Other research and experimental development on natural sciences and engineering; 74909 - Other professional, scientific and technical activities not elsewhere classified",52.21553694,0.12402399SLUMBERLAND HOLDINGS LIMITED,Slumberland Holdings Limited,NA,4968903,Merged,SLUMBERLAND LIMITED Parent: STEINHOFF INTERNATIONAL HOLDINGS LTD,32506,http://www.slumberland.co.uk,"Windover Road, Huntingdon PE29 7EF","SLUMBERLAND HOLDINGS LIMITED, Windover Road, Huntingdon PE29 7EF",http://www.slumberland.co.uk,CLARIFY,Bed Manufacturer,99999 - Dormant Company,52.34806787,-0.185065186SURFACE INNOVATIONS LIMITED,Surface Innovations Limited,NA,4212511,Active,NA,NA,http://www.surface-innovations.com/,"9-12 NORTH CENTRAL, 127 OLYMPIC AVENUE MILTON PARK, ABINGDON, OXFORDSHIRE, ENGLAND, OX14 4SA","SURFACE INNOVATIONS LIMITED, 9-12 NORTH CENTRAL, 127 OLYMPIC AVENUE MILTON PARK, ABINGDON, OXFORDSHIRE, ENGLAND, OX14 4SA",http://www.surface-innovations.com/,CLARIFY,NA,72190 - Other research and experimental development on natural sciences and engineering,51.62354719,-1.290209664Synaptica Limited,Synaptica Limited,NA,3375681,Active,NA,NA,http://www.isis-innovation.com,"Ewert House, Ewert Place, Summertown, Oxford, OX2 7SG, UK","Synaptica Limited, Ewert House, Ewert Place, Summertown, Oxford, OX2 7SG, UK",http://www.isis-innovation.com,CLARIFY,Medical Research,72190 - Other research and experimental development on natural sciences and engineering,51.77678679,-1.262545125Synectics Systems Group Limited,Synectics Systems Group Limited,NA,5815524,Active,Parent: Synetics PLC,1740011,http://www.synecticsplc.com,"Studley Point, 88 Birmingham_Road, Studley, Warwickshire, B80 7AS","Synectics Systems Group Limited, Studley Point, 88 Birmingham Road, Studley, Warwickshire, B80 7AS",http://www.synecticsplc.com,CLARIFY,Surveillance,80200 - Security systems service activities,52.27627121,-1.895732853THE CHARING CROSS SUNLEY RESEARCH CENTRE,The Charing Cross Sunley Research Centre,NA,963832,Merged,The Kennedy Trust for Rheumatology,NA,http://www.kennedytrust.org,"26-28 Hammersmith Grove, Hammersmith, London, W6 7BA, UK","THE CHARING CROSS SUNLEY RESEARCH CENTRE, 26-28 Hammersmith Grove, Hammersmith, London, W6 7BA, UK",http://www.kennedytrust.org,CLARIFY,Medical Research,72190 - Other research and experimental development on natural sciences and engineering,51.49454449,-0.225938617The Lister Institute of Preventive Medicine,The Lister Institute Of Preventive Medicine,NA,34479,Active,NA,NA,http://www.lister-institute.org.uk,"The Administrator, PO Box 1083, Bushey, HERTS, WD23 9AG, UK","The Lister Institute of Preventive Medicine, The Administrator, PO Box 1083, Bushey, HERTS, WD23 9AG, UK",http://www.lister-institute.org.uk,CLARIFY,Medical Research,72190 - Other research and experimental development on natural sciences and engineering; 86900 - Other human health activities,NA,NAThe National Blood Authority,The National Blood Authority,NA,NA,Non-Commercial,NA,NA,http://www.blood.co.uk/index.aspx,NA,"The National Blood Authority, NA",http://www.blood.co.uk/index.aspx,CLARIFY,Medical Services,NA,NA,NAThe Shirley Institute,The Shirley Institute,NA,155873,Merged,The British Textile Technology Group,NA,http://www.bttg.co.uk,"Unit 4b Stag Industrial Estate, Atlantic Street, Broadheath, Cheshire, WA14 5DW","The Shirley Institute, Unit 4b Stag Industrial Estate, Atlantic Street, Broadheath, Cheshire, WA14 5DW",http://www.bttg.co.uk,CLARIFY,Industrial Testing,74990 - Non-trading company,53.39642734,-2.363832965The University of Leeds Innovations Ltd.,The University Of Leeds Innovations Ltd,NA,1002075,Active,NA,NA,http://www.leedsinnovationcentre.co.uk,"Leeds Innovation Centre Limited, The Company Secretariat, 11/75 E C Stoner Building, The University of Leeds, LEEDS LS2 9JT","The University of Leeds Innovations Ltd., Leeds Innovation Centre Limited, The Company Secretariat, 11/75 E C Stoner Building, The University of Leeds, LEEDS LS2 9JT",http://www.leedsinnovationcentre.co.uk,Academic,University Enterprise,70229 - Management consultancy activities other than financial management,53.80847673,-1.552792355Thorn Emi plc,Thorn Emi PLC,NA,229231,Merged,EMI Group Limited Parent: Moss Rose Music Limited or Universal Music Group,787741,http://www.universalmusic.com,NA,"Thorn Emi plc,",http://www.universalmusic.com,CLARIFY,Entertainment,70100 - Activities of head offices; 82990 - Other business support service activities not elsewhere classified,NA,NAUCL BIOMEDICA PLC,UCL Biomedica PLC,NA,2776963,Merged,UCL Business PLC Parent: University College London,RC000631,http://www.uclb.com,"97 Tottenham Court Road, London, W1T 4TP, London, WC1E 6BT","UCL BIOMEDICA PLC, 97 Tottenham Court Road, London, W1T 4TP, London, WC1E 6BT",http://www.uclb.com,Academic,University Enterprise,72190 - Other research and experimental development on natural sciences and engineering,51.52232098,-0.13655412UCL Business PLC,UCL Business PLC,NA,2776963,Active,Parent: University College London,RC000631,http://www.uclb.com,"97 Tottenham Court Road, London, W1T 4TP, London, WC1E 6BT","UCL Business PLC, 97 Tottenham Court Road, London, W1T 4TP, London, WC1E 6BT",http://www.uclb.com,Academic,University Enterprise,72190 - Other research and experimental development on natural sciences and engineering,51.52232098,-0.13655412UGCS (UNIVERSITY OF GLAMORGAN COMMERCIAL SERVICES),UGCS (University Of Glamorgan Commercial Services),NA,2683025,Active,NA,NA,http://www.uswcommercial.co.uk,"USW Commercial Services Ltd, University of South Wales, Pontypridd, CF37 1DL.","UGCS (UNIVERSITY OF GLAMORGAN COMMERCIAL SERVICES), USW Commercial Services Ltd, University of South Wales, Pontypridd, CF37 1DL.",http://www.uswcommercial.co.uk,Academic,University Enterprise,85421 - First-degree level higher education,51.58873627,-3.32577469UNION LIFE SCIENCES LTD,Union Life Sciences Ltd,NA,5712185,Active,IP Group PLC,4204490,http://www.ipgroupplc.com,"24 Cornhill, London, EC3V 3ND","UNION LIFE SCIENCES LTD, 24 Cornhill, London, EC3V 3ND",http://www.ipgroupplc.com,Finance,IP Venture Capital,"74909 - Other professional, scientific and technical activities not elsewhere classified",51.51320706,-0.087117932VALID INTERNATIONAL LTD,Valid International Ltd,NA,3727227,Active,NA,NA,http://www.validinternational.org,"Stone House, 17 High Street, Welshpool, Powys, SY21 7JP","VALID INTERNATIONAL LTD, Stone House, 17 High Street, Welshpool, Powys, SY21 7JP",http://www.validinternational.org,Health,Health and Nutrition,72200 - Research and experimental development on social sciences and humanities; 86900 - Other human health activities,52.66054201,-3.15074396VASCULAR CONCEPTS LIMITED,Vascular Concepts Limited,NA,2652048,Active,NA,40229,http://www.vascularconcepts.com,"2 Deans Hall Business Park, Oak Road, Little Maplestead, Halstead, Essex, C09 2RT","VASCULAR CONCEPTS LIMITED, 2 Deans Hall Business Park, Oak Road, Little Maplestead, Halstead, Essex, C09 2RT",http://www.vascularconcepts.com,Equipment,Surgical Equipment,86210 - General medical practice activities,NA,NAWalker Crosweller & Company Ltd.,Walker Crosweller & Company Ltd,NA,252115,Merged,Ultimately: Kohler Mira Limited Parent: Kohler Co,21362,http://www.mirashowers.co.uk,"Kohler Mira Ltd., Cromwell Road, Cheltenham, Gloucestershire, GL52 5EP","Walker Crosweller & Company Ltd., Kohler Mira Ltd., Cromwell Road, Cheltenham, Gloucestershire, GL52 5EP",http://www.mirashowers.co.uk,Equipment,Shower Manufacturer,28140 - Manufacture of taps and valves,51.90676547,-2.054593916WINNATS ENTERPRISES LIMITED,Winnats Enterprises Limited,NA,4112264,Active,NA,NA,http://www.winnats.co.uk,"PO Box 33, High Peak, Derbyshire SK 23 0WA","WINNATS ENTERPRISES LIMITED, PO Box 33, High Peak, Derbyshire SK 23 0WA",http://www.winnats.co.uk,Finance,Financial Management,"71122 - Engineering related scientific and technical consulting activities; 71200 - Technical testing and analysis; 72190 - Other research and experimental development on natural sciences and engineering; 74909 - Other professional, scientific and technical activities not elsewhere classified",NA,NAWINTERPICK BUSINESS PARK LIMITED,Winterpick Business Park Limited,NA,618436,Active,NA,NA,NO WEB PRESENCE,"Hurstpierpoint Road,Wineham, Henfield, W Sussex BN5 9BJ","WINTERPICK BUSINESS PARK LIMITED, Hurstpierpoint Road,Wineham, Henfield, W Sussex BN5 9BJ",NO WEB PRESENCE,Business Park,Letting Agents,68209 - Other letting and operating of own or leased real estate,50.95164201,-0.236225071YORKSHIRE CANCER RESEARCH,Yorkshire Cancer Research,NA,1919823,Active,NA,NA,http://yorkshirecancerresearch.org.uk,"39 East Parade, Harrogate, HG1 5LQ, UK","YORKSHIRE CANCER RESEARCH, 39 East Parade, Harrogate, HG1 5LQ, UK",http://yorkshirecancerresearch.org.uk,Health,Medical Research,86900 - Other human health activities,53.99389772,-1.536425278ZELO CREATIVE LIMITED,Zelo Creative Limited,NA,5574632,Active,NA,NA,http://www.zelo.co.uk,"22 Hawthorn Gardens, Newcastle Upon Tyne, Tyne and Wear, NE3 3DE, UK","ZELO CREATIVE LIMITED, 22 Hawthorn Gardens, Newcastle Upon Tyne, Tyne and Wear, NE3 3DE, UK",http://www.zelo.co.uk,Information Technology,Web Design,62090 - Other information technology service activities,55.00537468,-1.649041227